{"cameraMode":{"drawMode":0,"name":"Shaded","section":"Shading Mode"},"sceneLighting":true,"audioPlay":false,"sceneViewState":{"m_AlwaysRefresh":false,"showFog":true,"showSkybox":true,"showFlares":true,"showImageEffects":true,"showParticleSystems":true,"showVisualEffectGraphs":true,"m_FxEnabled":true},"in2DMode":false,"pivot":{"x":24.084720611572267,"y":20.171552658081056,"z":406.65997314453127},"rotation":{"x":0.05068979039788246,"y":0.5524245500564575,"z":-0.033682599663734439,"w":0.8313402533531189},"size":5.639747619628906,"orthographic":false}