{"cameraMode":{"drawMode":0,"name":"Shaded","section":"Shading Mode"},"sceneLighting":false,"audioPlay":false,"sceneViewState":{"m_AlwaysRefresh":false,"showFog":true,"showSkybox":false,"showFlares":true,"showImageEffects":true,"showParticleSystems":true,"showVisualEffectGraphs":true,"m_FxEnabled":true},"in2DMode":false,"pivot":{"x":0.1503002643585205,"y":-0.7408310174942017,"z":-4.781853199005127},"rotation":{"x":0.09308049827814102,"y":0.37135767936706545,"z":-0.037447597831487659,"w":0.9230533838272095},"size":1.866164207458496,"orthographic":false}