{"cameraMode":{"drawMode":0,"name":"Shaded","section":"Shading Mode"},"sceneLighting":false,"audioPlay":false,"sceneViewState":{"m_AlwaysRefresh":false,"showFog":true,"showSkybox":false,"showFlares":true,"showImageEffects":true,"showParticleSystems":true,"showVisualEffectGraphs":true,"m_FxEnabled":true},"in2DMode":false,"pivot":{"x":360.4928894042969,"y":630.31005859375,"z":-0.019931793212890626},"rotation":{"x":0.008884457871317864,"y":-0.15980622172355653,"z":0.0014378090854734183,"w":0.9871101379394531},"size":21.832883834838868,"orthographic":false}